Unnamed: 0,SEQSt,ThT ,TO ,mFold (kcal/mol),Nupack,Predicted (argmax),Predicted (thresholded),P(cell),P(steroid)
14.0,CGACAGATAGTTGTTCTTAGCGATGTCCAGCGTTGTCG,2.248,29.13,-3.28,-4.44,steroid,steroid,0.0281,0.9719
15.0,ACGACGACAGTGCCTTGATATACGTTGGGCTGGTAGTCGT,26.2,33698,-8.14,-8.26,steroid,steroid,0.0166,0.9834
5.0,GACGACGAGACCCTTGATACTTCAAGCGTCAGCGAAGTCGTC,0.7306,0.4091,-11.21,-10.94,steroid,steroid,0.3817,0.6183
11.0,CTGGGGTGCAATTCTTATGTAACGGGTCCCGG,3994244,60.57,-2.99,-3.26,steroid,steroid,0.4029,0.5971
17.0,CGACCGGAGTGTCTTAGTGTATAACTGAGTTTAGGTCG,29.57,6345158,-6.89,-5.59,steroid,steroid,0.0288,0.9712
23.0,CGACGGTAGGTAGGCCAACTGGGTATTTACTGGTGTCG,281.8,179.4,-3.95,-2.53,steroid,steroid,0.0337,0.9663
16.0,CGACAAATCTTTGGTGTGATGGATGTTGTCTTGTGTCG,2632540,1739195,-4.46,-4.83,cell,steroid,0.5311,0.4689
22.0,ACGACGACCGGTCCCTGTTGTTAGGAATAGGGGGAGTCGT,4945384,3002228,-9.18,-8.17,steroid,steroid,0.2205,0.7795
6.0,ACGACGATGGGCCCCGATATGTACATTTCGGGTGAGTCGT,0.3785,0.3008,-9.99,-10.2,steroid,steroid,0.0959,0.9041
13.0,GGACGACGGAGACCCCATGTTTTCTGGTGTCAGCGTAGTCGTCC,225.7,83.76,-10.08,-10.13,steroid,steroid,0.1375,0.8625
10.0,ACGACGGAGGGTCCCGTTGTTCTACGATGGGTTTAGTCGT,36.68,47414,-8.56,-7.75,steroid,steroid,0.1653,0.8347
2.0,CGACGGGACACTTTGTATGTAAAGTGAGGTTCACGTCG,107369,2948616,-11.63,-11.52,steroid,steroid,0.092,0.908
7.0,ACGACGGGTGAGGTTCTTTATAACTGATGGGCCCTGTCGT,3332006,5084175,-7.31,-7.54,steroid,steroid,0.363,0.637
